{
  "spec/is_it_done_yet_spec.rb": 0.00031685829162597656,
  "spec/requests/get_all_spec.rb": 0.017997026443481445,
  "spec/requests/get_spec.rb": 0.0017018318176269531
}