{
  "spec/is_it_done_yet_spec.rb": 0.00035881996154785156,
  "spec/requests/get_spec.rb": 0.012730121612548828
}